{
  "project_info": {
    "project_number": "274765308281",
    "firebase_url": "https://myapp-a0934.firebaseio.com",
    "project_id": "myapp-a0934",
    "storage_bucket": "myapp-a0934.appspot.com"
  },
  "client": [
    {
      "client_info": {
        "mobilesdk_app_id": "1:274765308281:android:9095cb2dafc3d62f000fa8",
        "android_client_info": {
          "package_name": "com.example.myapp"
        }
      },
      "oauth_client": [
        {
          "client_id": "274765308281-tcku3fhoc55sr9pcmcv2bmdn70mn1dtd.apps.googleusercontent.com",
          "client_type": 1,
          "android_info": {
            "package_name": "com.example.myapp",
            "certificate_hash": "b37d8563e072b520af7d358974b2f34b20b6453e"
          }
        },
        {
          "client_id": "274765308281-3p9r6p1h8pdk8gdvvl2fck6b6e9l6dma.apps.googleusercontent.com",
          "client_type": 3
        }
      ],
      "api_key": [
        {
          "current_key": "AIzaSyC7LOmeWntAaSkWwPhiRZngGJ1pBHXnYyo"
        }
      ],
      "services": {
        "appinvite_service": {
          "other_platform_oauth_client": [
            {
              "client_id": "274765308281-3p9r6p1h8pdk8gdvvl2fck6b6e9l6dma.apps.googleusercontent.com",
              "client_type": 3
            }
          ]
        }
      }
    }
  ],
  "configuration_version": "1"
}